baslik,yazar,ulke,konu,tur,yayim_yili,yayimci,sayfa_sayisi,isbn,ozet,kategori,detail_url
Zahit,Hasan Özkılıç,Türkiye,Türkiye'deki zorunlu göç ve 1996’da cezaevlerinde yaşanan ölüm oruçları,Roman,Kasım 2012,Can Yayınları,284,9789750715631,,Türk romanları,https://tr.wikipedia.org/wiki/Zahit
Yılkı Atı,Abbas Sayar,Türkiye,,Roman,1970,Ötüken Neşriyat,120,9789754374063,,Türk romanları,https://tr.wikipedia.org/wiki/Y%C4%B1lk%C4%B1_At%C4%B1
Yaraya Tuz Basmak,Atilla İlhan,Türkiye,1960 dönemi Türkiye,Roman,1978,Bilgi Yayınevi,,9754945136,,Türk romanları,https://tr.wikipedia.org/wiki/Yaraya_Tuz_Basmak
Üç Kağıtçı,,,,,,,,,,Türk romanları,https://tr.wikipedia.org/wiki/%C3%9C%C3%A7_Ka%C4%9F%C4%B1t%C3%A7%C4%B1_(roman)
Mavi Sürgün,Halikarnas Balıkçısı,Türkiye,,Anı,1961,Remzi Kitabevi,226,,,Türk sürgün romanları,https://tr.wikipedia.org/wiki/Mavi_S%C3%BCrg%C3%BCn
Yılanı Öldürseler,Yaşar Kemal,Türkiye,,Roman,1976,,,9789750807046,,Tiyatroya uyarlanmış Türk romanları,https://tr.wikipedia.org/wiki/Y%C4%B1lan%C4%B1_%C3%96ld%C3%BCrseler
Zehra,Nabizâde Nâzım,Türkiye,,Roman,1896,,,,,Tanzimat dönemi romanları,https://tr.wikipedia.org/wiki/Zehra_(roman)
Zübük,Aziz Nesin,Türkiye,,Roman,1961,Adam Yayınları / Nesin Yayınevi (2005),280,978-975-9038-49-6,,Sinemaya uyarlanmış Türk romanları,https://tr.wikipedia.org/wiki/Z%C3%BCb%C3%BCk
Hüküm Gecesi,Yakup Kadri Karaosmanoğlu,,,Roman,1987 - (İlk basım 1927),,334,9789754705676,,Millî edebiyat romanları,https://tr.wikipedia.org/wiki/H%C3%BCk%C3%BCm_Gecesi
Yorgun Savaşçı,Kemal Tahir,Türkiye,,Roman,,,,,,Klasik Türk romanları,https://tr.wikipedia.org/wiki/Yorgun_Sava%C5%9F%C3%A7%C4%B1
Ebüssüreyya Sami,,,,,,,,,,Amanvermez Avni maceraları,https://tr.wikipedia.org/wiki/Eb%C3%BCss%C3%BCreyya_Sami
Yediçınar Yaylası,Kemal Tahir,Türkiye,,Roman,1958,İthaki Yayınevi,368,978-975-273-416-6,,Klasik Türk romanları,https://tr.wikipedia.org/wiki/Yedi%C3%A7%C4%B1nar_Yaylas%C4%B1
Eylül (kitap),Mehmet Rauf,Osmanlı İmparatorluğu,,,1901,,,,,20. yüzyıl Türk romanları,https://tr.wikipedia.org/wiki/Eyl%C3%BCl_(kitap)
Taaşşuk-ı Talat ve Fitnat,Şemsettin Sami,,,Roman,1875,,,,,Klasik Türk romanları,https://tr.wikipedia.org/wiki/Taa%C5%9F%C5%9Fuk-%C4%B1_Talat_ve_Fitnat
Sergüzeşt,Samipaşazade Sezai,,,Roman,1888,,,,,Klasik Türk romanları,https://tr.wikipedia.org/wiki/Serg%C3%BCze%C5%9Ft
Zemheri Kuyusu,Metin Savaş,,,Roman,2005,Ötüken Yayınları,,978-975-437-525-1,,Çağdaş Türk romanları,https://tr.wikipedia.org/wiki/Zemheri_Kuyusu
Yüreğim Seni Çok Sevdi,Canan Tan,,,Roman,2007 (1. Basım),Altın Kitaplar,,9789752108226,,Çağdaş Türk romanları,https://tr.wikipedia.org/wiki/Y%C3%BCre%C4%9Fim_Seni_%C3%87ok_Sevdi
Yolda Üç Kişi,Tuna Kiremitçi,,,Roman,Nisan 2005,Doğan Kitapçılık,,975-293-322-X,,Çağdaş Türk romanları,https://tr.wikipedia.org/wiki/Yolda_%C3%9C%C3%A7_Ki%C5%9Fi
Yere Düşen Dualar,,,,,,,,,,Çağdaş Türk romanları,https://tr.wikipedia.org/wiki/Yere_D%C3%BC%C5%9Fen_Dualar
Yeni Hayat,Orhan Pamuk,,,Roman,1994,İletişim Yayınları,,975-470-445-7,,Çağdaş Türk romanları,https://tr.wikipedia.org/wiki/Yeni_Hayat_(roman)
Yedinci Gün (İhsan Oktay Anar),İhsan Oktay Anar,Türkiye,,Fantastik kurgu,Ağustos 2012,İletişim Yayınları,240,9789750510861,,Çağdaş Türk romanları,https://tr.wikipedia.org/wiki/Yedinci_G%C3%BCn_(%C4%B0hsan_Oktay_Anar)
Yalan Dünya,Sibel Köklü,,,Polisiye roman,2007,İstiklal Kitabevi,,,,Çağdaş Türk romanları,https://tr.wikipedia.org/wiki/Yalan_D%C3%BCnya_(roman)
Yalan,,,,,,,,,,Çağdaş Türk romanları,https://tr.wikipedia.org/wiki/Yalan_(roman)
Yağmurcuk Kuşu,Yaşar Kemal,,,Roman,1980,Toros Yayınları,,975-08-0730-8,,Çağdaş Türk romanları,https://tr.wikipedia.org/wiki/Ya%C4%9Fmurcuk_Ku%C5%9Fu
Yağmur Beklerken,Tarık Buğra,,,,1981,Ötüken Yayınları,,,,Çağdaş Türk romanları,https://tr.wikipedia.org/wiki/Ya%C4%9Fmur_Beklerken_(roman)
Uykuların Doğusu,Hasan Ali Toptaş,Türkiye,,Roman,Eylül 2005,Doğan Kitap,229,9789752933637,,Çağdaş Türk romanları,https://tr.wikipedia.org/wiki/Uykular%C4%B1n_Do%C4%9Fusu
Uykuda Çocuk Ölümleri,Ali Teoman,Türkiye,,Roman,2011 (2. basım),Yapı Kredi Yayınları,447,9789750804168,,Çağdaş Türk romanları,https://tr.wikipedia.org/wiki/Uykuda_%C3%87ocuk_%C3%96l%C3%BCmleri
Veda,Ayşe Kulin,Türkiye,I. Dünya Savaşı sonunda işgal altındaki İstanbul .,Roman,2007,Everest Yayınları,390,978-975-289-440-2,,Çağdaş Türk romanları,https://tr.wikipedia.org/wiki/Veda_(roman)
Ustam ve Ben,Elif Şafak,Türkiye,Mimar Sinan ve öğrencilerinin yaşamı,Roman,Aralık 2013,Doğan Kitap,480,978-605-09-1803-8,,Çağdaş Türk romanları,https://tr.wikipedia.org/wiki/Ustam_ve_Ben
Unutma Beni Apartmanı,Nermin Yıldırım,Türkiye,,Roman,Mart 2011,Doğan Kitap,420,978-605-09-0012-5,,Çağdaş Türk romanları,https://tr.wikipedia.org/wiki/Unutma_Beni_Apartman%C4%B1
Umut (Ayşe Kulin romanı),Ayşe Kulin,Türkiye,,Roman,2009,Everest Yayınları,392,978-975-289-596-6,,Çağdaş Türk romanları,https://tr.wikipedia.org/wiki/Umut_(Ay%C5%9Fe_Kulin_roman%C4%B1)
Türkan,Ayşe Kulin,Türkiye,Biyografi,Roman,2009 (En yakın basım tarihi),Everest,332,978-975-289-616-1,,Çağdaş Türk romanları,https://tr.wikipedia.org/wiki/T%C3%BCrkan_(roman)
Tutunamayanlar,Oğuz Atay,Türkiye,,Roman,1971-1972 (2 cilt),Sinan Yayınları,671,9789750525728,,Çağdaş Türk romanları,https://tr.wikipedia.org/wiki/Tutunamayanlar
Tutsak Güneş,Ayşe Kulin,Türkiye,,Distopik roman,Ekim 2015,Everest Yayınları,440,9786051419336,,Çağdaş Türk romanları,https://tr.wikipedia.org/wiki/Tutsak_G%C3%BCne%C5%9F
Tehlikeli Oyunlar,Oğuz Atay,Türkiye,,Roman,1973,Sinan Yayınları İletişim Yayınları,479,9754702098,,Çağdaş Türk romanları,https://tr.wikipedia.org/wiki/Tehlikeli_Oyunlar_(roman)
Şu Çılgın Türkler,Turgut Özakman,Türkiye,,Roman,2005,Bilgi Yayınevi,752,975-2201-27-X,,Çağdaş Türk romanları,https://tr.wikipedia.org/wiki/%C5%9Eu_%C3%87%C4%B1lg%C4%B1n_T%C3%BCrkler
Şehrin Aynaları,Elif Şafak,,,Roman,1999,"İlk Basım: 1999, İletişim Yayınları Diğer Basımlar: Metis Yayınları",,9753422989,,Çağdaş Türk romanları,https://tr.wikipedia.org/wiki/%C5%9Eehrin_Aynalar%C4%B1
Şah & Sultan,İskender Pala,Türkiye,,Tarihî roman,Ekim 2010,Kapı Yayınları,390,,,Çağdaş Türk romanları,https://tr.wikipedia.org/wiki/%C5%9Eah_%26_Sultan
Suskunlar,İhsan Oktay Anar,Türkiye,,Fantastik kurgu,Ekim 2007,İletişim Yayınları,269,9789750505386,,Çağdaş Türk romanları,https://tr.wikipedia.org/wiki/Suskunlar_(roman)
Sus Barbatus!,Faruk Duman,Türkiye,,Roman,16 Kasım 2018,Hep Kitap,568,9789750723223,,Çağdaş Türk romanları,https://tr.wikipedia.org/wiki/Sus_Barbatus!
Sudaki İz,Ahmet Altan,Türkiye,,Roman,1985,"Can Yayınları , Everest Yayınları",264,9755103430,,Çağdaş Türk romanları,https://tr.wikipedia.org/wiki/Sudaki_%C4%B0z
Su- Uyumsuz Defne Kaman'ın Maceraları,Buket Uzuner,Türkiye,,Polisiye roman,Mart 2012,Everest,344,9786051410036,,Çağdaş Türk romanları,https://tr.wikipedia.org/wiki/Su-_Uyumsuz_Defne_Kaman%27%C4%B1n_Maceralar%C4%B1
Sokaklardan Bir Ali,Canan Tan,,,Roman,2006 (1. Basım),Altın Kitaplar,,9755652639,,Çağdaş Türk romanları,https://tr.wikipedia.org/wiki/Sokaklardan_Bir_Ali
Siyah Süt,Elif Şafak,,,Roman,2007,Doğan Kitap,308,978-975-991-531-5,,Çağdaş Türk romanları,https://tr.wikipedia.org/wiki/Siyah_S%C3%BCt
Sıcak Külleri Kaldı,Oya Baydar,Türkiye,,Roman,2000,Can Yayınları,438,9782264068910,,Çağdaş Türk romanları,https://tr.wikipedia.org/wiki/S%C4%B1cak_K%C3%BClleri_Kald%C4%B1
Sevdalinka,Ayşe Kulin,,,Roman,23 Kasım 1999 (20. Basım),Ekim Yayınları,,975-289-242-6,,Çağdaş Türk romanları,https://tr.wikipedia.org/wiki/Sevdalinka_(roman)
Sessiz Ev,Orhan Pamuk,Türkiye,,Roman,1983,1. Basım: Can,,975-510-215-9,,Çağdaş Türk romanları,https://tr.wikipedia.org/wiki/Sessiz_Ev
Selanik'te Sonbahar,Tuna Kiremitçi,,,Roman,Mayıs 2011,Doğan Kitap,288,,,Çağdaş Türk romanları,https://tr.wikipedia.org/wiki/Selanik%27te_Sonbahar
Salkım Hanımın Taneleri,Yılmaz Karakoyunlu,,,Roman,2000,Öteki Yayınevi,,975-6719-26-5,,Çağdaş Türk romanları,https://tr.wikipedia.org/wiki/Salk%C4%B1m_Han%C4%B1m%C4%B1n_Taneleri
Ruhi Mücerret,Murat Menteş,Türkiye,,Roman,Mart 2013,April Yayıncılık,320,9786055162054,,Çağdaş Türk romanları,https://tr.wikipedia.org/wiki/Ruhi_M%C3%BCcerret
Puslu Kıtalar Atlası,İhsan Oktay Anar,Türkiye,,Fantastik tarihi kurgu,Ocak 1995,İletişim Yayınları,238,9789754704723,,Çağdaş Türk romanları,https://tr.wikipedia.org/wiki/Puslu_K%C4%B1talar_Atlas%C4%B1
Piraye,Canan Tan,,,Roman,2011,Altın Kitaplar,,9786050931488,,Çağdaş Türk romanları,https://tr.wikipedia.org/wiki/Piraye_(roman)
Pinhan,Elif Şafak,,,Roman,Aralık 1997,Metis Yayınları,,975-342-297-0,,Çağdaş Türk romanları,https://tr.wikipedia.org/wiki/Pinhan
Pencereden,Güray Süngü,Türkiye,,Roman,2006,Birharf Yayınları,176,9759198495,,Çağdaş Türk romanları,https://tr.wikipedia.org/wiki/Pencereden
Patasana,Ahmet Ümit,Türkiye,,Polisiye roman,2000,Om Yayınevi,477,9789756827369,,Çağdaş Türk romanları,https://tr.wikipedia.org/wiki/Patasana
Ölümün Gölgesi Yok,Adnan Binyazar,Türkiye,,Roman,2004,Can Yayınları,327,975-07-0388-X,,Çağdaş Türk romanları,https://tr.wikipedia.org/wiki/%C3%96l%C3%BCm%C3%BCn_G%C3%B6lgesi_Yok
Ölmez Otu,Yaşar Kemal,Türkiye,,Roman,1968,Ant Yayınları,,,,Çağdaş Türk romanları,https://tr.wikipedia.org/wiki/%C3%96lmez_Otu
O Muhteşem Hayatınız,Oya Baydar,Türkiye,,Roman,2012,Can Yayınları,478,978-975-07-1565-5,,Çağdaş Türk romanları,https://tr.wikipedia.org/wiki/O_Muhte%C5%9Fem_Hayat%C4%B1n%C4%B1z
Nefes Nefese,Ayşe Kulin,,,Roman,20 Mayıs 2002 (1. Basım),Remzi Kitabevi,,975-14-0904-7,,Çağdaş Türk romanları,https://tr.wikipedia.org/wiki/Nefes_Nefese_(roman)
Nar Ağacı,Nazan Bekiroğlu,Türkiye,,Roman,2012,Timaş Yayınları,536,,,Çağdaş Türk romanları,https://tr.wikipedia.org/wiki/Nar_A%C4%9Fac%C4%B1
Mücellâ,Nazan Bekiroğlu,Türkiye,,Roman,Kasım 2015,Timaş Yayınları,344,978-605-08-2041-6,,Çağdaş Türk romanları,https://tr.wikipedia.org/wiki/M%C3%BCcell%C3%A2
Mor,İnci Aral,Türkiye,,Roman,2003,Epsilon Yayınları,333,9753314124,,Çağdaş Türk romanları,https://tr.wikipedia.org/wiki/Mor_(roman)
Masumiyet Müzesi,Orhan Pamuk,Türkiye,,Roman,29 Ağustos 2008 [ 1 ],İletişim Yayınları,592,978-975-05-0609-3,,Çağdaş Türk romanları,https://tr.wikipedia.org/wiki/Masumiyet_M%C3%BCzesi
Masalını Yitiren Dev,Adnan Binyazar,Türkiye,,,2000,Can Yayınları,296,978-975-07-0017-0,,Çağdaş Türk romanları,https://tr.wikipedia.org/wiki/Masal%C4%B1n%C4%B1_Yitiren_Dev
Mahrem,Elif Şafak,Türkçe,,Roman,Ağustos 2000,Metis Yayınları,214,9753422857,,Çağdaş Türk romanları,https://tr.wikipedia.org/wiki/Mahrem_(roman)
Leyla'nın Evi,Ö. Zülfü Livaneli,Türkiye,,Roman,2006,Remzi Kitabevi,272,975-14-1123-8,,Çağdaş Türk romanları,https://tr.wikipedia.org/wiki/Leyla%27n%C4%B1n_Evi
Lâ: Sonsuzluk Hecesi,Nazan Bekiroğlu,Türkiye,,Roman,2008,Timaş Yayınları,384,9789752638518,,Çağdaş Türk romanları,https://tr.wikipedia.org/wiki/L%C3%A2:_Sonsuzluk_Hecesi
Küçük Ağa,Tarık Buğra,Türkiye,,,1963,Yağmur Yayınları,,,,Çağdaş Türk romanları,https://tr.wikipedia.org/wiki/K%C3%BC%C3%A7%C3%BCk_A%C4%9Fa
Kuşlar da Gitti,Yaşar Kemal,Türkiye,,Uzun öykü,1978,Milliyet Yayınları,,,,Çağdaş Türk romanları,https://tr.wikipedia.org/wiki/Ku%C5%9Flar_da_Gitti
Kukla,Ahmet Ümit,,,Roman,2002,Everest Yayınları,,9789752897403,,Çağdaş Türk romanları,https://tr.wikipedia.org/wiki/Kukla_(roman)
Köprü,Ayşe Kulin,,,Roman,30 Haziran 2001 (1. Basım),Everest Yayınları,,975-289-263-9,,Çağdaş Türk romanları,https://tr.wikipedia.org/wiki/K%C3%B6pr%C3%BC_(roman)
Köpekler İçin Gece Müziği,Faruk Duman,Türkiye,,Roman,2014,Can Yayınları,136,9789750723223,,Çağdaş Türk romanları,https://tr.wikipedia.org/wiki/K%C3%B6pekler_%C4%B0%C3%A7in_Gece_M%C3%BCzi%C4%9Fi
Konstantiniyye Oteli,Ö. Zülfü Livaneli,Türkiye,,Roman,2015,Doğan Kitap İnkılap Kitabevi,480,978-605-0926-31-6,,Çağdaş Türk romanları,https://tr.wikipedia.org/wiki/Konstantiniyye_Oteli
Kitab-ül Hiyel,İhsan Oktay Anar,Türkiye,Eski zaman mucitlerinin inanılmaz hayat öyküleri,Fantastik kurgu,Mayıs 1996,İletişim Yayınları,144,9789754705423,,Çağdaş Türk romanları,https://tr.wikipedia.org/wiki/Kitab-%C3%BCl_Hiyel_(roman)
Kimse (kitap),,,,,,,,,,Çağdaş Türk romanları,https://tr.wikipedia.org/wiki/Kimse_(kitap)
Kırmızı Saçlı Kadın,Orhan Pamuk,Türkiye,,,2016,Yapı Kredi Yayınları,204,9789750835605,,Çağdaş Türk romanları,https://tr.wikipedia.org/wiki/K%C4%B1rm%C4%B1z%C4%B1_Sa%C3%A7l%C4%B1_Kad%C4%B1n
Kestane Kıranında Kadınlar,Tahir Musa Ceylan,Türkiye,XX. yy. başında bir kadın kahramanın şahsında bir ailenin varolma savaşı,Postmodern roman,2008,Kanat Kitap,319,9789758859818,,Çağdaş Türk romanları,https://tr.wikipedia.org/wiki/Kestane_K%C4%B1ran%C4%B1nda_Kad%C4%B1nlar
Kem Gözlere Anadolu,Elif Şafak,,,Öykü Dizisi,1994,Evrensel Kültür Kitaplığı,,9789757857297,,Çağdaş Türk romanları,https://tr.wikipedia.org/wiki/Kem_G%C3%B6zlere_Anadolu
Kaybedenlerin Öyküsü,,,,,,,,,,Çağdaş Türk romanları,https://tr.wikipedia.org/wiki/Kaybedenlerin_%C3%96yk%C3%BCs%C3%BC
Karartma Geceleri,Rıfat Ilgaz,Türkiye,,Roman,1974,Çınar Yayınları,219,978-975-348-024-6,,Çağdaş Türk romanları,https://tr.wikipedia.org/wiki/Karartma_Geceleri
Karadelik Güncesi,Ali Teoman,Türkiye,,Roman,Şubat 2007,Sel Yayıncılık,541,,,Çağdaş Türk romanları,https://tr.wikipedia.org/wiki/Karadelik_G%C3%BCncesi
Kara Kitap,Orhan Pamuk,,,Roman,1990,Can Yayınları / İletişim Yayınları / Yapı Kredi Yayınları,,975-470-453-8,,Çağdaş Türk romanları,https://tr.wikipedia.org/wiki/Kara_Kitap
Kar,Orhan Pamuk,Türkiye,,Roman,,İletişim Yayınları,429,9754709610,,Çağdaş Türk romanları,https://tr.wikipedia.org/wiki/Kar_(roman)
Kanın Sesi,Yaşar Kemal,Türkiye,,Roman,1991,Toros Yayınları,,,,Çağdaş Türk romanları,https://tr.wikipedia.org/wiki/Kan%C4%B1n_Sesi
Kanadı Kırık Kuşlar,Ayşe Kulin,Türkiye,,,10 Kasım 2016,Everest Yayınları,392,9786051850788,,Çağdaş Türk romanları,https://tr.wikipedia.org/wiki/Kanad%C4%B1_K%C4%B1r%C4%B1k_Ku%C5%9Flar
Kale Kapısı,Yaşar Kemal,,,Roman,1985,Toros Yayınları,,9789750807466,,Çağdaş Türk romanları,https://tr.wikipedia.org/wiki/Kale_Kap%C4%B1s%C4%B1
Kafamda Bir Tuhaflık,Orhan Pamuk,Türkiye,,Roman,2014,Yapı Kredi Yayınları,490,978-975-08-3088-4,,Çağdaş Türk romanları,https://tr.wikipedia.org/wiki/Kafamda_Bir_Tuhafl%C4%B1k
İz,Canan Tan,,,Roman,2011 (1. Basım),Altın Kitaplar,,9789752113251,,Çağdaş Türk romanları,https://tr.wikipedia.org/wiki/%C4%B0z_(roman)
İstanbullular,Buket Uzuner,,,Roman,Şubat 2007,Everest,,978-975-289-377-1,,Çağdaş Türk romanları,https://tr.wikipedia.org/wiki/%C4%B0stanbullular
İstanbul Hatırası,Ahmet Ümit,,,Roman,2010,Everest,,,,Çağdaş Türk romanları,https://tr.wikipedia.org/wiki/%C4%B0stanbul_Hat%C4%B1ras%C4%B1
İstanbul Dörtlüsü,,,,,,,,,,Çağdaş Türk romanları,https://tr.wikipedia.org/wiki/%C4%B0stanbul_D%C3%B6rtl%C3%BCs%C3%BC
İskender,Elif Şafak,Türkiye,,Roman,22 Temmuz 2011,Doğan Kitap,448,6050902518,,Çağdaş Türk romanları,https://tr.wikipedia.org/wiki/%C4%B0skender_(roman)
İncir Tarihi,Faruk Duman,Türkiye,,Roman,Şubat 2010,Can Yayınları,372,9789750711299,,Çağdaş Türk romanları,https://tr.wikipedia.org/wiki/%C4%B0ncir_Tarihi
İnce Memed IV,Yaşar Kemal,Türkiye,,Roman,1987,Toros Yayınları Yapı Kredi Yayınları,639,978-975-08-0699-5,,Çağdaş Türk romanları,https://tr.wikipedia.org/wiki/%C4%B0nce_Memed_IV
İnce Memed III,Yaşar Kemal,Türkiye,,Roman,1984,Toros Yayınları Yapı Kredi Yayınları,629,978-975-08-0703-9,,Çağdaş Türk romanları,https://tr.wikipedia.org/wiki/%C4%B0nce_Memed_III
İnce Memed II,Yaşar Kemal,Türkiye,,Roman,1969,Ant Yayınları Yapı Kredi Yayınları,459,978-975-08-0717-6,,Çağdaş Türk romanları,https://tr.wikipedia.org/wiki/%C4%B0nce_Memed_II
İbiş'in Rüyası,Tarık Buğra,,,,1970,Hisar Yayınları,,,,Çağdaş Türk romanları,https://tr.wikipedia.org/wiki/%C4%B0bi%C5%9F%27in_R%C3%BCyas%C4%B1
Issız Erkekler Korosu,Canan Tan,,,Roman,2012 (1. Basım),Altın Kitaplar,,9789752114357,,Çağdaş Türk romanları,https://tr.wikipedia.org/wiki/Iss%C4%B1z_Erkekler_Korosu
Hüyükteki Nar Ağacı,Yaşar Kemal,Türkiye,,Kısa roman,1982,Toros Yayınları,,9789750807220,,Çağdaş Türk romanları,https://tr.wikipedia.org/wiki/H%C3%BCy%C3%BCkteki_Nar_A%C4%9Fac%C4%B1
Heba,Hasan Ali Toptaş,Türkiye,,Roman,2013,İletişim Yayınları,,,,Çağdaş Türk romanları,https://tr.wikipedia.org/wiki/Heba_(roman)
Hayatı Sevme Hastalığı,Sibel K. Türker,Türkiye,,Roman,2012,Can Yayınları,240,9789750714818,,Çağdaş Türk romanları,https://tr.wikipedia.org/wiki/Hayat%C4%B1_Sevme_Hastal%C4%B1%C4%9F%C4%B1
Havva'nın Üç Kızı,Elif Şafak,,,Roman,,Doğan Kitap,424,978-605-09-3537-0,,Çağdaş Türk romanları,https://tr.wikipedia.org/wiki/Havva%27n%C4%B1n_%C3%9C%C3%A7_K%C4%B1z%C4%B1
Hasret,Canan Tan,,,Roman,2013 (1. Basım),Doğan Kitap,,9786050913149,,Çağdaş Türk romanları,https://tr.wikipedia.org/wiki/Hasret_(roman)
Gülünün Solduğu Akşam,Erdal Öz,Türkiye,1968 dönemi,Anı-Roman,1986,Can Yayınları,298,975-510-086-5,,Çağdaş Türk romanları,https://tr.wikipedia.org/wiki/G%C3%BCl%C3%BCn%C3%BCn_Soldu%C4%9Fu_Ak%C5%9Fam
Gizli Yüz (senaryo),Orhan Pamuk,,,Senaryo,1992,Can Yayınları,,975-470-503-8,,Çağdaş Türk romanları,https://tr.wikipedia.org/wiki/Gizli_Y%C3%BCz_(senaryo)
Gizli Anların Yolcusu,Ayşe Kulin,Türkiye,,Roman,11 Kasım 2011,Everest,432,9789752899513,,Çağdaş Türk romanları,https://tr.wikipedia.org/wiki/Gizli_Anlar%C4%B1n_Yolcusu
Galîz Kahraman,İhsan Oktay Anar,Türkiye,,Fantastik kurgu,Ocak 2014,İletişim Yayınları,181,9789750514180,,Çağdaş Türk romanları,https://tr.wikipedia.org/wiki/Gal%C3%AEz_Kahraman
Filler Sultanı ile Kırmızı Sakallı Topal Karınca,Yaşar Kemal,Türkiye,,Çocuk romanı,1977,Adam Yayınları,,9789750806735,,Çağdaş Türk romanları,https://tr.wikipedia.org/wiki/Filler_Sultan%C4%B1_ile_K%C4%B1rm%C4%B1z%C4%B1_Sakall%C4%B1_Topal_Kar%C4%B1nca
Faili Meçhul Öfke,Adnan Gerger,Türkiye,,Roman,Kasım 2009,İmge Kitabevi Yayınları,440,9789755336367,,Çağdaş Türk romanları,https://tr.wikipedia.org/wiki/Faili_Me%C3%A7hul_%C3%96fke
Eşikte,Ali Teoman,Türkiye,,Roman,Mayıs 2008,Sel Yayıncılık,122,9789755703619,,Çağdaş Türk romanları,https://tr.wikipedia.org/wiki/E%C5%9Fikte
Eroinle Dans,Canan Tan,,,Roman,2005 (1. Basım),Altın Kitaplar,,9789752106123,,Çağdaş Türk romanları,https://tr.wikipedia.org/wiki/Eroinle_Dans
En Son Yürekler Ölür,Canan Tan,,,Roman,2005 (1. Basım),Altın Kitaplar,,9786050931518,,Çağdaş Türk romanları,https://tr.wikipedia.org/wiki/En_Son_Y%C3%BCrekler_%C3%96l%C3%BCr
Elveda Güzel Vatanım,Ahmet Ümit,Türkiye,1906-1926 yılları arasında İttihat ve Terakki Cemiyeti,Tarihsel Roman,Aralık 2015,Everest Yayınları,560,9786051419480,,Çağdaş Türk romanları,https://tr.wikipedia.org/wiki/Elveda_G%C3%BCzel_Vatan%C4%B1m
Efrâsiyâb'ın Hikâyeleri,İhsan Oktay Anar,Türkiye,,Fantastik kurgu,Şubat 1998,İletişim Yayınları,245,9789754706482,,Çağdaş Türk romanları,https://tr.wikipedia.org/wiki/Efr%C3%A2siy%C3%A2b%27%C4%B1n_Hik%C3%A2yeleri
Dün ve Ferda,Erendiz Atasü,Türkiye,,Roman,Kasım 2013,Can Yayınları,216,9789750719028,,Çağdaş Türk romanları,https://tr.wikipedia.org/wiki/D%C3%BCn_ve_Ferda
Dört Mevsim Sonbahar,Ahmet Altan,Türkiye,,Roman,"1982, Mart 2013(Everest Yayınları 1. Basım)","Can Yayınları , Everest Yayınları",224,9786051416144,,Çağdaş Türk romanları,https://tr.wikipedia.org/wiki/D%C3%B6rt_Mevsim_Sonbahar
Dördüncü Tekil Şahıs,,,,,,,,,,Çağdaş Türk romanları,https://tr.wikipedia.org/wiki/D%C3%B6rd%C3%BCnc%C3%BC_Tekil_%C5%9Eah%C4%B1s
Devir,Ece Temelkuran,Türkiye,,Roman,2015,Can Yayınları,504,9789750724411,,Çağdaş Türk romanları,https://tr.wikipedia.org/wiki/Devir_(roman)
Deli Zamanlar,Sevinç Çokum,Türkiye,,Roman,2000,Kapı Yayınları,206,9786055107680,,Çağdaş Türk romanları,https://tr.wikipedia.org/wiki/Deli_Zamanlar
Çıplak Deniz Çıplak Ada,Yaşar Kemal,Türkiye,,Roman,4 Ekim 2012   ( 2012-10-04 ),Yapı Kredi Yayınları,272,9789750823596,,Çağdaş Türk romanları,https://tr.wikipedia.org/wiki/%C3%87%C4%B1plak_Deniz_%C3%87%C4%B1plak_Ada
Çakırcalı Efe,Yaşar Kemal,Türkiye,,Destansı roman,1972,Ararat Yayınevi,,,,Çağdaş Türk romanları,https://tr.wikipedia.org/wiki/%C3%87ak%C4%B1rcal%C4%B1_Efe
Cumhuriyet - Türk Mucizesi,Turgut Özakman,Türkiye,Cumhuriyet'in kuruluşu.,Roman,2009,Bilgi Yayınevi,436,,,Çağdaş Türk romanları,https://tr.wikipedia.org/wiki/Cumhuriyet_-_T%C3%BCrk_Mucizesi
Cevdet Bey ve Oğulları,Orhan Pamuk,,,Roman,1982,Yapı Kredi Yayınları,608,9789750826313,,Çağdaş Türk romanları,https://tr.wikipedia.org/wiki/Cevdet_Bey_ve_O%C4%9Fullar%C4%B1
Canistan,Yusuf Atılgan,Türkiye,,Roman,2000,Yapı Kredi Yayınları,78,9750802446,,Çağdaş Türk romanları,https://tr.wikipedia.org/wiki/Canistan
Boynu Bükük Öldüler,Yılmaz Güney,Türkiye,,Roman,,Güney Yayınları,407,,,Çağdaş Türk romanları,https://tr.wikipedia.org/wiki/Boynu_B%C3%BCk%C3%BCk_%C3%96ld%C3%BCler
Bize Nasıl Kıydınız,Emine Şenlikoğlu,Türkiye,,Roman,2009,Mektup Yayınları,,9786059322010,,Çağdaş Türk romanları,https://tr.wikipedia.org/wiki/Bize_Nas%C4%B1l_K%C4%B1yd%C4%B1n%C4%B1z
Biz Kimden Kaçıyorduk Anne?,Perihan Mağden,Türkiye,Birey psikolojisi ve travma,Roman,Haziran 2007,Can Yayınları,183,975-07-0791-5,,Çağdaş Türk romanları,https://tr.wikipedia.org/wiki/Biz_Kimden_Ka%C3%A7%C4%B1yorduk_Anne%3F
Bit Palas,Elif Şafak,,,Roman,Mart 2002,Metis Yayınları,,975-342-354-3,,Çağdaş Türk romanları,https://tr.wikipedia.org/wiki/Bit_Palas
Bir Ses Böler Geceyi,Ahmet Ümit,,,Roman,1994,Doğan Kitap,,9789752897427,,Çağdaş Türk romanları,https://tr.wikipedia.org/wiki/Bir_Ses_B%C3%B6ler_Geceyi
"Bir Kedi, Bir Adam, Bir Ölüm",Zülfü Livaneli,Türkiye,,Roman,2001,,221,9751407958,,Çağdaş Türk romanları,"https://tr.wikipedia.org/wiki/Bir_Kedi,_Bir_Adam,_Bir_%C3%96l%C3%BCm"
Bir Garip Cindi Zümrüdüanka,Ali Teoman,Türkiye,,Roman,2005,Sel Yayıncılık,139,9755702393,,Çağdaş Türk romanları,https://tr.wikipedia.org/wiki/Bir_Garip_Cindi_Z%C3%BCmr%C3%BCd%C3%BCanka
Beyoğlu Rapsodisi,Ahmet Ümit,Türkiye,,Roman,Eylül 2003 [ 1 ],Doğan Kitap (eskiden) Everest Yayınları (eskiden) Yapı Kredi Yayınları (günümüzde),452,9789752897380,,Çağdaş Türk romanları,https://tr.wikipedia.org/wiki/Beyo%C4%9Flu_Rapsodisi
Beyaz Kale,Orhan Pamuk,,,Roman,1985 (ilk Baskı),,,978-975-08-2630-6,,Çağdaş Türk romanları,https://tr.wikipedia.org/wiki/Beyaz_Kale
Beşpeşe,,,,Roman,Haziran 2004,Metis Yayınları,,975-342-467-1,,Çağdaş Türk romanları,https://tr.wikipedia.org/wiki/Be%C5%9Fpe%C5%9Fe
Benim Adım Kırmızı,Orhan Pamuk,,,Roman,1998,İletişim Yayınları,,975-470-711-1,,Çağdaş Türk romanları,https://tr.wikipedia.org/wiki/Benim_Ad%C4%B1m_K%C4%B1rm%C4%B1z%C4%B1
Baba ve Piç,Elif Şafak,Türkiye,Drama,Roman,2006,Metis Yayınları,,975-342-553-8,,Çağdaş Türk romanları,https://tr.wikipedia.org/wiki/Baba_ve_Pi%C3%A7
Bab-ı Esrar,Ahmet Ümit,,,Roman,Kasım 2008 (İlk Baskı),Doğan Kitap,396,978-605-111-036-3,,Çağdaş Türk romanları,https://tr.wikipedia.org/wiki/Bab-%C4%B1_Esrar_(roman)
Aylaklar,Melih Cevdet Anday,Türkiye,,,1965,Remzi Kitabevi,,975-458-405-2,,Çağdaş Türk romanları,https://tr.wikipedia.org/wiki/Aylaklar_(roman)
Aylak Adam,Yusuf Atılgan,,,Roman,1959,Varlık Yayınları (ilk baskı),,9789750735646,,Çağdaş Türk romanları,https://tr.wikipedia.org/wiki/Aylak_Adam
Aşk,Elif Şafak,Türkiye,Zahiri ve ilahi aşk,Roman,Mart 2009,Doğan Kitap,420,975-342-297-0,,Çağdaş Türk romanları,https://tr.wikipedia.org/wiki/A%C5%9Fk_(roman)
Araf,Elif Şafak,,,,,Metis Yayınları,352,975-342-465-5,,Çağdaş Türk romanları,https://tr.wikipedia.org/wiki/Araf_(roman)
Amat,İhsan Oktay Anar,Türkiye,,Fantastik kurgu,Ekim 2005,İletişim Yayınları,235,9789750503726,,Çağdaş Türk romanları,https://tr.wikipedia.org/wiki/Amat
Allah'ın Süngüleri: Reis Paşa,Attilâ İlhan,Türkiye,Türk Kurtuluş Savaşı 'nın ilk yıllarında Türkiye,Roman,2004,Türkiye İş Bankası Kültür Yayınları,,975-458-426-5,,Çağdaş Türk romanları,https://tr.wikipedia.org/wiki/Allah%27%C4%B1n_S%C3%BCng%C3%BCleri:_Reis_Pa%C5%9Fa
Ali ile Ramazan,Perihan Mağden,Türkiye,,Roman,2010  (özgün) 4 Şubat 2011  (Türkçe),Doğan Kitap,164,978-605-111-48-11,,Çağdaş Türk romanları,https://tr.wikipedia.org/wiki/Ali_ile_Ramazan
Ahlaksızlar,Ümit Oğuztan,Türkiye,,Belgesel,1995,Vizyon yayıncılık,365,975-8016-12-1,,Çağdaş Türk romanları,https://tr.wikipedia.org/wiki/Ahlaks%C4%B1zlar
47'liler,Füruzan,Türkiye,,Roman,1974,Yapı Kredi Yayınları,465,,,Çağdaş Türk romanları,https://tr.wikipedia.org/wiki/47%27liler
Sefile,Halid Ziya Uşaklıgil,Türkiye,,,,,,,,Klasik Türk romanları,https://tr.wikipedia.org/wiki/Sefile
Sağırdere,,,,,,,,,,Klasik Türk romanları,https://tr.wikipedia.org/wiki/Sa%C4%9F%C4%B1rdere
Miras (Memduh Şevket Esendal romanı),Memduh Şevket Esendal,,,Roman,1925,Meslek Gazetesi (tefrika),,,,Klasik Türk romanları,https://tr.wikipedia.org/wiki/Miras_(Memduh_%C5%9Eevket_Esendal_roman%C4%B1)
Kurt Kanunu,Kemal Tahir,Türkiye,İzmir Suikastı 'nın arka planı ve eski İttihatçılar arasındaki iktidar kavgası,Roman,1969,,,,,Klasik Türk romanları,https://tr.wikipedia.org/wiki/Kurt_Kanunu
Mai ve Siyah,Halid Ziya Uşaklıgil,Türkiye,,,1897,Özgür Yayınları,328,975-447-143-6,,Klasik Türk romanları,https://tr.wikipedia.org/wiki/Mai_ve_Siyah
Körduman,Kemal Tahir,Türkiye,,Roman,1957,,,,,Klasik Türk romanları,https://tr.wikipedia.org/wiki/K%C3%B6rduman
Kırık Hayatlar,Halid Ziya Uşaklıgil,Türkiye,,,1924,,416,,,Klasik Türk romanları,https://tr.wikipedia.org/wiki/K%C4%B1r%C4%B1k_Hayatlar
Kalp Ağrısı,Halide Edib Adıvar,,,Roman,1924,,,,,Klasik Türk romanları,https://tr.wikipedia.org/wiki/Kalp_A%C4%9Fr%C4%B1s%C4%B1_(roman)
Hep O Şarkı,Yakup Kadri Karaosmanoğlu,Türkiye,,Roman,1956,,,,,Klasik Türk romanları,https://tr.wikipedia.org/wiki/Hep_O_%C5%9Eark%C4%B1
Ferdi ve Şürekası,Halit Ziya Uşaklıgil,,,,,,,,,Klasik Türk romanları,https://tr.wikipedia.org/wiki/Ferdi_ve_%C5%9E%C3%BCrekas%C4%B1
Felâtun Bey ile Râkım Efendi,Ahmet Mithat Efendi,Osmanlı İmparatorluğu,,Roman,1875,İskele Yayınevi,168,,,Klasik Türk romanları,https://tr.wikipedia.org/wiki/Fel%C3%A2tun_Bey_ile_R%C3%A2k%C4%B1m_Efendi
Esir Şehrin İnsanları,Kemal Tahir,Türkiye,,Roman,1956,İthaki Yayınları,437,978-975-273-076-2,,Klasik Türk romanları,https://tr.wikipedia.org/wiki/Esir_%C5%9Eehrin_%C4%B0nsanlar%C4%B1
Dürdâne Hanım,,,,,,,,,,Klasik Türk romanları,https://tr.wikipedia.org/wiki/D%C3%BCrd%C3%A2ne_Han%C4%B1m
Dünyaya İkinci Geliş yâhut İstanbul'da Neler Olmuş,Ahmed Midhat Efendi,Osmanlı İmparatorluğu,,Roman,1875,,,,,Klasik Türk romanları,https://tr.wikipedia.org/wiki/D%C3%BCnyaya_%C4%B0kinci_Geli%C5%9F_y%C3%A2hut_%C4%B0stanbul%27da_Neler_Olmu%C5%9F
Dudaktan Kalbe,Reşat Nuri Güntekin,,,Roman,,,,9789751026453,,Klasik Türk romanları,https://tr.wikipedia.org/wiki/Dudaktan_Kalbe
Damga,Reşat Nuri Güntekin,Türkiye,,Roman,1999 (İlk basımı:1924),İnkılap Kitabevi,143,9789751026729,,Klasik Türk romanları,https://tr.wikipedia.org/wiki/Damga_(roman)
Bir Ölünün Defteri,Halid Ziya Uşaklıgil,Türkiye,,,1892,,,,,Klasik Türk romanları,https://tr.wikipedia.org/wiki/Bir_%C3%96l%C3%BCn%C3%BCn_Defteri
Ayaşlı ile Kiracıları,Memduh Şevket Esendal,,,Roman,1934,,,,,Klasik Türk romanları,https://tr.wikipedia.org/wiki/Aya%C5%9Fl%C4%B1_ile_Kirac%C4%B1lar%C4%B1
Ateşten Gömlek,Halide Edip Adıvar,,,Roman,Haziran 1922,Özgür Yayınları,,975-447-079-0,,Klasik Türk romanları,https://tr.wikipedia.org/wiki/Ate%C5%9Ften_G%C3%B6mlek
Aşk-ı Memnu,Halid Ziya Uşaklıgil,,,Roman,1901,Alem Matbaası- Ahmed İhsan ve Şürekası (1901) Hilmi Kitabevi,,,,Klasik Türk romanları,https://tr.wikipedia.org/wiki/A%C5%9Fk-%C4%B1_Memnu
Araba Sevdası,Recaizade Mahmud Ekrem,Türkiye,,,1897,,272,,,Klasik Türk romanları,https://tr.wikipedia.org/wiki/Araba_Sevdas%C4%B1
Akabi Hikâyesi,,,,,,,,,,Klasik Türk romanları,https://tr.wikipedia.org/wiki/Akabi_Hik%C3%A2yesi
Acımak,Reşat Nuri Güntekin,,,Roman,1928,,,9789751026569,,Klasik Türk romanları,https://tr.wikipedia.org/wiki/Ac%C4%B1mak_(roman)
Efruz Bey,Ömer Seyfettin,Türkiye,,Roman,1976,Bilgi Yayınevi,213,,,Millî edebiyat romanları,https://tr.wikipedia.org/wiki/Efruz_Bey
Yolpalas Cinayeti,Halide Edip Adıvar,Türkiye,,Roman,1936,,,,,Sinemaya uyarlanmış Türk romanları,https://tr.wikipedia.org/wiki/Yolpalas_Cinayeti
Yaşar ne Yaşar ne Yaşamaz,Aziz Nesin,Türkiye,,Roman,1977,Adam Yayınları / Nesin Yayınevi (2005'ten itibaren),340,978-975-9038-47-2,,Sinemaya uyarlanmış Türk romanları,https://tr.wikipedia.org/wiki/Ya%C5%9Far_ne_Ya%C5%9Far_ne_Ya%C5%9Famaz
Yaprak Dökümü,Reşat Nuri Güntekin,Türkiye,,Roman,1930,İnkılâp Kitabevi,,,,Sinemaya uyarlanmış Türk romanları,https://tr.wikipedia.org/wiki/Yaprak_D%C3%B6k%C3%BCm%C3%BC
Vurun Kahpeye,Halide Edib Adıvar,,,Roman,1926,Özgür Yayınları,,975-447-086-3,,Sinemaya uyarlanmış Türk romanları,https://tr.wikipedia.org/wiki/Vurun_Kahpeye
Tütün Zamanı,Necati Cumalı,Türkiye,,Roman,1959,Cumhuriyet Kitapları,256,9789757720614,,Sinemaya uyarlanmış Türk romanları,https://tr.wikipedia.org/wiki/T%C3%BCt%C3%BCn_Zaman%C4%B1
Tersine Dünya,Orhan Kemal,Türkiye,Erkek egemenliğinin kadın egemenliği ile yer değiştirdiği bir dünyada yoksul insanların gündelik yaşamı ve namus kavramı,Mizahi roman,1968,,,,,Sinemaya uyarlanmış Türk romanları,https://tr.wikipedia.org/wiki/Tersine_D%C3%BCnya_(roman)
Tatar Ramazan,Kerim Korcan,,,Roman,1969,,,,,Sinemaya uyarlanmış Türk romanları,https://tr.wikipedia.org/wiki/Tatar_Ramazan
Sözde Kızlar,Peyami Safa,Türkiye,,Roman,1923,Orhaniye Matbaası,,,,Sinemaya uyarlanmış Türk romanları,https://tr.wikipedia.org/wiki/S%C3%B6zde_K%C4%B1zlar
Sokaktaki Adam,,,,,,,,,,Sinemaya uyarlanmış Türk romanları,https://tr.wikipedia.org/wiki/Sokaktaki_Adam
Sokaklardan Bir Kız,Orhan Kemal,Türkiye,,Roman,1968,,,,,Sinemaya uyarlanmış Türk romanları,https://tr.wikipedia.org/wiki/Sokaklardan_Bir_K%C4%B1z_(roman)
Murtaza,Orhan Kemal,Türkiye,Murtaza'nın hayat hikâyesi,Sosyal Roman,1952 (1. Basım),Everest Yayınevi,438,,,Sinemaya uyarlanmış Türk romanları,https://tr.wikipedia.org/wiki/Murtaza_(roman)
Minyeli Abdullah,Hekimoğlu İsmail,,,Roman,1967,Timaş Yayınları,,975-7544-13-2,,Sinemaya uyarlanmış Türk romanları,https://tr.wikipedia.org/wiki/Minyeli_Abdullah
Mahpus (film),,Türkiye,,,,,,,,Sinemaya uyarlanmış Türk romanları,https://tr.wikipedia.org/wiki/Mahpus_(film)
Kuyucaklı Yusuf,Sabahattin Ali,Türkiye,Öksüz ve yetim bir çocuğun dram dolu yaşamı,Roman,1937,Yeni Kitapçı (ilk),257,975-080-001-X,,Sinemaya uyarlanmış Türk romanları,https://tr.wikipedia.org/wiki/Kuyucakl%C4%B1_Yusuf
Kara Davut,Nizamettin Nazif Tepedelenlioğlu,Türkiye,,Tarihi Roman,1928,,,,,Sinemaya uyarlanmış Türk romanları,https://tr.wikipedia.org/wiki/Kara_Davut_(roman)
Hıçkırık,Kerime Nadir,Türkiye,,Roman,1938,,,,,Sinemaya uyarlanmış Türk romanları,https://tr.wikipedia.org/wiki/H%C4%B1%C3%A7k%C4%B1r%C4%B1k_(roman)
İnce Memed I,Yaşar Kemal,Türkiye,,Roman,"1955, ( Çağlayan Yayınevi )",YKY,436,9789750807145,,Sinemaya uyarlanmış Türk romanları,https://tr.wikipedia.org/wiki/%C4%B0nce_Memed_I
Hakkâri'de Bir Mevsim,Ferit Edgü,Türkiye,,Roman,"İlk basım 1977, Tekrar basım 2006",Ada Yayıncılık (1977) Sel Yayıncılık (2006),,,,Sinemaya uyarlanmış Türk romanları,https://tr.wikipedia.org/wiki/Hakk%C3%A2ri%27de_Bir_Mevsim
Hababam Sınıfı,Rıfat Ilgaz,Türkiye,,Roman,1957,,,,,Sinemaya uyarlanmış Türk romanları,https://tr.wikipedia.org/wiki/Hababam_S%C4%B1n%C4%B1f%C4%B1_(roman)
Gurbet Kuşları,Orhan Kemal,Türkiye,,Roman,1962,,,,,Sinemaya uyarlanmış Türk romanları,https://tr.wikipedia.org/wiki/Gurbet_Ku%C5%9Flar%C4%B1_(roman)
Gol Kralı,Aziz Nesin,,,Roman,1957,Adam Yayınları,,975-418-165-9,,Sinemaya uyarlanmış Türk romanları,https://tr.wikipedia.org/wiki/Gol_Kral%C4%B1_(roman)
Fosforlu Cevriye,Suat Derviş,Türkiye,,Roman,1968,,,,,Sinemaya uyarlanmış Türk romanları,https://tr.wikipedia.org/wiki/Fosforlu_Cevriye
Fatih-Harbiye,Peyami Safa,Türkiye,Peyami Safa bu romanında Tanzimattan kopup gelen Milli Mücadelede ve sonraki yıllarda alevlenen batılaşma hareketlerinin Türk tipindeki ve cemiyetindeki etkilerini incelemektedir.,Roman,1931,ÖTÜKEN,128,,,Sinemaya uyarlanmış Türk romanları,https://tr.wikipedia.org/wiki/Fatih-Harbiye
Eğreti Gelinler,Şükran Kozalı,Türkiye,,Roman,Eylül 2004 (1.Basım),Bilgi Yayınevi,272,9752201008,,Sinemaya uyarlanmış Türk romanları,https://tr.wikipedia.org/wiki/E%C4%9Freti_Gelinler
Dokuzuncu Hariciye Koğuşu,Peyami Safa,Türkiye,,Roman,1930,Resimli Ay (ilk),,,,Sinemaya uyarlanmış Türk romanları,https://tr.wikipedia.org/wiki/Dokuzuncu_Hariciye_Ko%C4%9Fu%C5%9Fu
Diriliş - Çanakkale 1915,Turgut Özakman,Türkiye,Çanakkale Savaşı,Roman,2008,Bilgi Yayınevi,688,,,Sinemaya uyarlanmış Türk romanları,https://tr.wikipedia.org/wiki/Dirili%C5%9F_-_%C3%87anakkale_1915
Değirmen (Türk romanı),Reşat Nuri Güntekin,Türkiye,,Roman,1944,,,,,Sinemaya uyarlanmış Türk romanları,https://tr.wikipedia.org/wiki/De%C4%9Firmen_(T%C3%BCrk_roman%C4%B1)
Çalıkuşu,Reşat Nuri Güntekin,Türkiye,,Roman,1922,Vakit,409,9751000122,,Sinemaya uyarlanmış Türk romanları,https://tr.wikipedia.org/wiki/%C3%87al%C4%B1ku%C5%9Fu_(roman)
Bereketli Topraklar Üzerinde,Orhan Kemal,,,,1954,,380,,,Sinemaya uyarlanmış Türk romanları,https://tr.wikipedia.org/wiki/Bereketli_Topraklar_%C3%9Czerinde
Atçalı Kel Mehmet Efe,Murat Sertoğlu,Türkiye,,Roman,1976 (3. Baskı),İtimat Kitap Evi Neşriyatı,326,,,Sinemaya uyarlanmış Türk romanları,https://tr.wikipedia.org/wiki/At%C3%A7al%C4%B1_Kel_Mehmet_Efe_(roman)
Anayurt Oteli,Yusuf Atılgan,Türkiye,,Roman,1973,Bilgi Yayınevi,170,,,Sinemaya uyarlanmış Türk romanları,https://tr.wikipedia.org/wiki/Anayurt_Oteli
Ağrıdağı Efsanesi,Yaşar Kemal,,,Roman,1970,"YKY , Adam",,975-08-0741-3,,Sinemaya uyarlanmış Türk romanları,https://tr.wikipedia.org/wiki/A%C4%9Fr%C4%B1da%C4%9F%C4%B1_Efsanesi
Zavallı Kız (Nabizade Nazım),,,,,,,,,,Tanzimat dönemi romanları,https://tr.wikipedia.org/wiki/Zavall%C4%B1_K%C4%B1z_(Nabizade_Naz%C4%B1m)
Karabibik,Nabizâde Nâzım,Osmanlı,Köy ve köylü yaşamı,Roman,1890,,88,,,Tanzimat dönemi romanları,https://tr.wikipedia.org/wiki/Karabibik
İntibah,Namık Kemal,Osmanlı İmparatorluğu,,Roman,1876,Say Yayınları,175,978-975-468-980-8,,Tanzimat dönemi romanları,https://tr.wikipedia.org/wiki/%C4%B0ntibah
Gülnihâl,Namık Kemal,Türkiye,Mal ve iktidar kavgası içinde olan kişinin etrafa zararları ve entrikaları ve bunların sonucunda çıkan olayların halka zararları.,Tiyatro,1875,,,,,Tanzimat dönemi romanları,https://tr.wikipedia.org/wiki/G%C3%BClnih%C3%A2l
Çingene (Ahmet Midhat),Ahmed Midhat Efendi,Osmanlı Devleti,Bir çingene kızının eğitimle dönüşüm geçirmesi,Roman,1887   ( 1887 ),,,,,Tanzimat dönemi romanları,https://tr.wikipedia.org/wiki/%C3%87ingene_(Ahmet_Midhat)
Cezmi,Namık Kemal,Osmanlı - Türkiye,,,,,328,,,Tanzimat dönemi romanları,https://tr.wikipedia.org/wiki/Cezmi
Yer Demir Gök Bakır,Yaşar Kemal,Türkiye,,Roman,1963,,,,,Tiyatroya uyarlanmış Türk romanları,https://tr.wikipedia.org/wiki/Yer_Demir_G%C3%B6k_Bak%C4%B1r
Teneke,Yaşar Kemal,Türkiye,,Roman,1955,Varlık Yayınevi ( ilk ) Yapı Kredi Yayınları (2004-günümüz),81,,,Tiyatroya uyarlanmış Türk romanları,https://tr.wikipedia.org/wiki/Teneke_(roman)
Ortadirek,Yaşar Kemal,Türkiye,,Roman,1960   ( 1960 ),Remzi Kitabevi,372,,,Tiyatroya uyarlanmış Türk romanları,https://tr.wikipedia.org/wiki/Ortadirek_(roman)
Kürk Mantolu Madonna,Sabahattin Ali,Türkiye,Aşk,Roman,1943,Remzi Kitabevi (ilk),177,978-975-363-802-9,,Tiyatroya uyarlanmış Türk romanları,https://tr.wikipedia.org/wiki/K%C3%BCrk_Mantolu_Madonna
Çengi,Ahmed Midhat Efendi,Osmanlı Devleti,,Roman,1877   ( 1877 ),,,,,Tiyatroya uyarlanmış Türk romanları,https://tr.wikipedia.org/wiki/%C3%87engi_(roman)
Bir Sürgün,Yakup Kadri Karaosmanoğlu,Türkiye,,Roman,1937(Ankara)   1993   2006,Ulus Basımevi Remzi Kitabevi İletişim Kitabevi,357,975-470-134-2,,Türk sürgün romanları,https://tr.wikipedia.org/wiki/Bir_S%C3%BCrg%C3%BCn
Üç İstanbul,Mithat Cemal Kuntay,Türkiye,,Tarihi roman,1938,,,,,Türk romanları,https://tr.wikipedia.org/wiki/%C3%9C%C3%A7_%C4%B0stanbul
Uzay Çiftçileri,,,,,,,,,,Türk romanları,https://tr.wikipedia.org/wiki/Uzay_%C3%87ift%C3%A7ileri
Türk edebiyatında roman,,,,,,,,,,Türk romanları,https://tr.wikipedia.org/wiki/T%C3%BCrk_edebiyat%C4%B1nda_roman
Toprak Uyanırsa,Şevket Süreyya Aydemir,Türkiye,,Roman,1963,Remzi Kitabevi,,,,Türk romanları,https://tr.wikipedia.org/wiki/Toprak_Uyan%C4%B1rsa
Tatlı Betüş,Aziz Nesin,Türkiye,,Roman,1974,Tekin Yayınevi (ilk basım),333,9759038374,,Türk romanları,https://tr.wikipedia.org/wiki/Tatl%C4%B1_Bet%C3%BC%C5%9F
Sırrımsın Sırdaşımsın,Kâmuran Şipal,Türkiye,,Roman,Şubat 2010 (İlk basım),Yapı Kredi Yayınları,280,978-975-08-1737-3,,Türk romanları,https://tr.wikipedia.org/wiki/S%C4%B1rr%C4%B1ms%C4%B1n_S%C4%B1rda%C5%9F%C4%B1ms%C4%B1n
Ölümü Bekleyen Kent,Yıldırım Keskin,Türkiye,,Roman,,Bilgi Yayınevi,200,9754946221,,Türk romanları,https://tr.wikipedia.org/wiki/%C3%96l%C3%BCm%C3%BC_Bekleyen_Kent
Onuncu Köy,,,,,,,,,,Türk romanları,https://tr.wikipedia.org/wiki/Onuncu_K%C3%B6y_(roman)
Minare Gölgesi,Engin Ergönültaş,,,,2013,İletişim Yayınları,367,9789750511516,,Türk romanları,https://tr.wikipedia.org/wiki/Minare_G%C3%B6lgesi
Küçük Paşa,Ebubekir Hâzım Tepeyran,Türkiye,Köy ve köylü yaşamı,Roman - Türk edebiyatı klasikleri,2020  (özgün) 1910  (Türkçe),Türkiye İş Bankası Kültür Yayınları,192,978-625-7070-76-8,,Türk romanları,https://tr.wikipedia.org/wiki/K%C3%BC%C3%A7%C3%BCk_Pa%C5%9Fa
Kurtlar Sofrası,Attilâ İlhan,Türkiye,,Roman,1963,,,,,Türk romanları,https://tr.wikipedia.org/wiki/Kurtlar_Sofras%C4%B1_(roman)
Kahramanlar Doğmalıydı,Şevket Süreyya Aydemir,Türkiye,,Roman,1974,Çağdaş Yayınları,,,,Türk romanları,https://tr.wikipedia.org/wiki/Kahramanlar_Do%C4%9Fmal%C4%B1yd%C4%B1
İkra,Murat Serdar Arslantürk,Türkiye,,Roman,(özgün) Eylül 2012  (Türkçe),Arunas Yayınları,248,978-605-4503-83-4,,Türk romanları,https://tr.wikipedia.org/wiki/%C4%B0kra
İçi Yoksul,Tahir Musa Ceylan,Türkiye,Kasabalı bir gencin şehirde yaşadığı ruhsal çatışmalar,Postmodern roman,2005,Merkez Kitaplar,254,975-91-7413-8,,Türk romanları,https://tr.wikipedia.org/wiki/%C4%B0%C3%A7i_Yoksul
Halkalı Köle,,,,,,,,,,Türk romanları,https://tr.wikipedia.org/wiki/Halkal%C4%B1_K%C3%B6le_(roman)
Gözüm Yaşı Tuna Selidir Şimdi,Selma Fındıklı,Türkiye,Balkan Göçü sırasında İstanbul ve Bursa ’ya göç eden Saraybosnalı bir ailenin yaşadıkları,Roman,1997,,,,,Türk romanları,https://tr.wikipedia.org/wiki/G%C3%B6z%C3%BCm_Ya%C5%9F%C4%B1_Tuna_Selidir_%C5%9Eimdi
Gönül Hanım,,,,,,,,,,Türk romanları,https://tr.wikipedia.org/wiki/G%C3%B6n%C3%BCl_Han%C4%B1m
General Uçtu,Mehmet Zaman Saçlıoğlu,Türkiye,,Roman,Ocak 2014,İş Bankası Kültür Yayınları,258,9786053320999,,Türk romanları,https://tr.wikipedia.org/wiki/General_U%C3%A7tu
Gazi Paşa,Attilâ İlhan,Türkiye,Türk Kurtuluş Savaşı 'nın son yıllarında Türkiye,Roman,2006,Türkiye İş Bankası Kültür Yayınları,468,978-975-4586-73-2,,Türk romanları,https://tr.wikipedia.org/wiki/Gazi_Pa%C5%9Fa
Düşler ve Gerçekler,Celal Pamukçu,Türkiye,,Roman,2007,Boyut Yayın Grubu,349,9789944092500,,Türk romanları,https://tr.wikipedia.org/wiki/D%C3%BC%C5%9Fler_ve_Ger%C3%A7ekler
Dünyanın En Pis Sokağı,Tarık Buğra,Türkiye,,Roman,"1989, İstanbul",Ötüken Yayınları,148,,,Türk romanları,https://tr.wikipedia.org/wiki/D%C3%BCnyan%C4%B1n_En_Pis_Soka%C4%9F%C4%B1
Dünya Döner Renkler Kalır,Belgin Bıyıkoğlu,Türkiye,,Roman,Ekim 2021,Destek Yayınları,496,9786254414190,,Türk romanları,https://tr.wikipedia.org/wiki/D%C3%BCnya_D%C3%B6ner_Renkler_Kal%C4%B1r
Deliduman,Emrah Serbes,Türkiye,,Roman,Haziran 2014,İletişim Yayınları,350,9789750515606,,Türk romanları,https://tr.wikipedia.org/wiki/Deliduman
Deli Kurt,Hüseyin Nihal Atsız,Türkiye,Osmanlı İmparatorluğu'nda geçer.,Roman,1958  (özgün) 1958  (Türkçe),Ötüken Neşriyat,246,9789754378016,,Türk romanları,https://tr.wikipedia.org/wiki/Deli_Kurt
Çanakkale Mahşeri,Mehmet Niyazi Özdemir,Türkiye,Çanakkale Savaşı,Savaş romanı,1998,Ötüken Neşriyat,488,978-9754-372762,,Türk romanları,https://tr.wikipedia.org/wiki/%C3%87anakkale_Mah%C5%9Feri
Cemo,Kemal Bilbaşar,Türkiye,Doğu Anadolu bölgesindeki sosyal sınıflar,Roman,1966,Tekin Yayınları Can Yayınları,216,9789750702686,,Türk romanları,https://tr.wikipedia.org/wiki/Cemo_(roman)
Biz İnsanlar,Peyami Safa,Türkiye,,Roman,1937 (tefrika) 1959 (ilk basım),İnkılap Kitabevi,426,9754370257,,Türk romanları,https://tr.wikipedia.org/wiki/Biz_%C4%B0nsanlar
Başın Öne Eğilmesin,Hıfzı Topuz,Türkiye,Yazar Sabahattin Ali 'nin yaşamı,Roman,Eylül 2006,Remzi Kitabevi,264,975-14-1150-5,,Türk romanları,https://tr.wikipedia.org/wiki/Ba%C5%9F%C4%B1n_%C3%96ne_E%C4%9Filmesin
Barbarın Kahkahası,Sema Kaygusuz,Türkiye,,Roman,Mayıs 2015,Metis Yayınları,496,9789753429993,,Türk romanları,https://tr.wikipedia.org/wiki/Barbar%C4%B1n_Kahkahas%C4%B1
